Image Name,Crop Text
45.jpg,SI87877
193.jpg,SPS85295
2.jpg,SK028SE
79.jpg,STA7824C
117.jpg,SK8843W
26.jpg,ST2232L
20.jpg,SL2702J
132.jpg,SMY01258
88.jpg,SL7061H
39.jpg,SMI19778
53.jpg,STACU30
186.jpg,STA67KF
168.jpg,SG9892X
142.jpg,ST5630V
64.jpg,SBE2446G
143(1).jpg,SO0465L
81.jpg,SD7918E
164.jpg,SI64042
108.jpg,SW58471
177.jpg,SR1279L
23.jpg,KOL27308
99.jpg,CB441ML
182.jpg,STA2L80
133.jpg,SW60961
47.jpg,SBI01M5
66.jpg,STA2316F
107.jpg,SH4831C
82.jpg,SO6058G
51.jpg,SM3726E
121.jpg,SK179VE
152.jpg,STA7109C
38.jpg,SZ9068J
8.jpg,ST8936T
89.jpg,SM3106E
143.jpg,NA
131.jpg,SL98181
18.jpg,SL3458H
9.jpg,SM5552E
149.jpg,ST8055V
161.jpg,WBR6P58
102.jpg,SZA92043
74.jpg,KMI66V3
106.jpg,SH9264A
25.jpg,SB3320U
163.jpg,SK988PP
16.jpg,SL2592F
156.jpg,SK8056K
17.jpg,SCZ26114
78.jpg,SL3985H
44.jpg,NEL28529
91.jpg,KOS0163G
101.jpg,STA0461C
71.jpg,SD5421J
170.jpg,SMI39019
153.jpg,SJ7912C
40.jpg,SBL58012
122.jpg,KTTRJ07
43.jpg,SK321LN
173.jpg,SK959YF
83.jpg,SK971JF
3.jpg,SZA1837C
49.jpg,SC5423W
181.jpg,STA5950A
5.jpg,SRB9NP9
174.jpg,SL1426H
118.jpg,SK5682A
24.jpg,KR3UH61
120.jpg,SM79962
80.jpg,SR5635N
178.jpg,SR7916L
191.jpg,KOL21767
21.jpg,SK131NF
154.jpg,SG2947W
77.jpg,SG986CN
158.jpg,SH9435C
85.jpg,SCI61825
94.jpg,SB262FF
185.jpg,SD4350J
32.jpg,SMI03L9
34.jpg,SR6510F
157.jpg,SB983FF
140.jpg,SH7788A
86.jpg,SK776ST
146.jpg,SK289PU
7.jpg,SJ7912C
145.jpg,SO7183K
72.jpg,SL84590
128.jpg,SL94455
169.jpg,STAGA81
87.jpg,SG3707Y
184.jpg,SR8817P
190.jpg,SPI16111
179.jpg,SM78958
160.jpg,SC3222P
165.jpg,SMI29210
95.jpg,SBL66094
50.jpg,SO7183K
73.jpg,STA43629
55.jpg,SK3694W
84.jpg,SGL03210
